title,file
六の一,6-1.csv
食べ物１,食べ物１.csv
食べ物２,食べ物２.csv
果物,果物.csv
野菜,野菜.csv
スポーツ,スポーツ.csv
曜日,曜日.csv
月の名前,月の名前.csv
動物１,動物１.csv
動物２,動物２.csv
国の名前１,国の名前１.csv
国の名前２,国の名前２.csv
天気,天気.csv
学校行事,学校行事.csv
家族,家族.csv
教室１,教室１.csv
教室２,教室２.csv
教科１,教科１.csv
教科２,教科２.csv
文化部活動,文化部活動.csv
運動部活動,運動部活動.csv
文房具１,文房具１.csv
文房具２,文房具２.csv
気持ち,気持ち.csv
色,色.csv
虫,虫.csv
顔,顔.csv
数字（1～12）,数字（1～12）.csv
数字（11～20）,数字（11～20）.csv
数字（20～100）,数字（20～100）.csv
数字（over1000),数字（over1000).csv
体,体.csv
クリスマス１,クリスマス１.csv
クリスマス２,クリスマス２.csv
ハロウィン１,ハロウィン１.csv
ハロウィン２,ハロウィン２.csv


